{"cameraMode":{"drawMode":0,"name":"Shaded","section":"Shading Mode"},"sceneLighting":true,"audioPlay":false,"sceneViewState":{"m_AlwaysRefresh":false,"showFog":true,"showSkybox":true,"showFlares":true,"showImageEffects":true,"showParticleSystems":true,"showVisualEffectGraphs":true,"m_FxEnabled":true},"in2DMode":false,"pivot":{"x":0.08843612670898438,"y":0.38339662551879885,"z":-0.8949708938598633},"rotation":{"x":-0.10724490135908127,"y":0.8590450286865234,"z":-0.2009672224521637,"w":-0.45842409133911135},"size":3.9073946475982668,"orthographic":false}